id,diagnosis,radius_mean,texture_mean,perimeter_mean,area_mean,smoothness_mean,compactness_mean,concavity_mean,concave_points_mean,symmetry_mean,fractal_dimension_mean,radius_se,texture_se,perimeter_se,area_se,smoothness_se,compactness_se,concavity_se,concave_points_se,symmetry_se,fractal_dimension_se,radius_worst,texture_worst,perimeter_worst,area_worst,smoothness_worst,compactness_worst,concavity_worst,concave_points_worst,symmetry_worst,fractal_dimension_worst
865423,M,24.25,20.2,166.2,1761,0.1447,0.2867,0.4268,0.2012,0.2655,0.06877,1.509,3.12,9.807,233,0.02333,0.09806,0.1278,0.01822,0.04547,0.009875,26.02,23.99,180.9,2073,0.1696,0.4244,0.5803,0.2248,0.3222,0.08009
91762702,M,24.63,21.6,165.5,1841,0.103,0.2106,0.231,0.1471,0.1991,0.06739,0.9915,0.9004,7.05,139.9,0.004989,0.03212,0.03571,0.01597,0.01879,0.00476,29.92,26.93,205.7,2642,0.1342,0.4188,0.4658,0.2475,0.3157,0.09671
8611555,M,25.22,24.91,171.5,1878,0.1063,0.2665,0.3339,0.1845,0.1829,0.06782,0.8973,1.474,7.382,120,0.008166,0.05693,0.0573,0.0203,0.01065,0.005893,30,33.62,211.7,2562,0.1573,0.6076,0.6476,0.2867,0.2355,0.1051
899987,M,25.73,17.46,174.2,2010,0.1149,0.2363,0.3368,0.1913,0.1956,0.06121,0.9948,0.8509,7.222,153.1,0.006369,0.04243,0.04266,0.01508,0.02335,0.003385,33.13,23.58,229.3,3234,0.153,0.5937,0.6451,0.2756,0.369,0.08815
873592,M,27.22,21.87,182.1,2250,0.1094,0.1914,0.2871,0.1878,0.18,0.0577,0.8361,1.481,5.82,128.7,0.004631,0.02537,0.03109,0.01241,0.01575,0.002747,33.12,32.85,220.8,3216,0.1472,0.4034,0.534,0.2688,0.2856,0.08082
911296202,M,27.42,26.27,186.9,2501,0.1084,0.1988,0.3635,0.1689,0.2061,0.05623,2.547,1.306,18.65,542.2,0.00765,0.05374,0.08055,0.02598,0.01697,0.004558,36.04,31.37,251.2,4254,0.1357,0.4256,0.6833,0.2625,0.2641,0.07427
8810703,M,28.11,18.47,188.5,2499,0.1142,0.1516,0.3201,0.1595,0.1648,0.05525,2.873,1.476,21.98,525.6,0.01345,0.02772,0.06389,0.01407,0.04783,0.004476,28.11,18.47,188.5,2499,0.1142,0.1516,0.3201,0.1595,0.1648,0.05525
